aroma,flavor,aftertaste,acidity,body,balance,uniformity,clean_cup,sweetness,cupper_points,total_cup_points
64.48893543607812,61.17050690398269,61.53849438399195,61.218573240423815,61.15155145945975,58.79538783371662,98.3000538467701,98.62229530782481,98.19969287120189,61.19754271341655,63.124659970050814
54.420436103009585,55.86608246363761,52.722759115204,54.611396985261635,52.7276244591758,55.835803114125795,98.32829522176979,99.29519492074297,99.2679135985518,55.191069616666894,56.61303125828505
55.01984367943726,50.7326748308536,52.96481844117282,52.40767704103468,48.16020050763284,51.998117841420964,79.62678139602139,76.42121939267301,84.82794260004738,51.47858621350167,50.47386857057256
53.63761021779122,52.46214051341373,52.722100740781265,53.094281054116266,54.37778295023019,49.895146834108836,75.74431768518924,79.3079200844959,85.71106995247756,50.1416845468913,48.26416728349241
44.365730891701105,43.41570710675051,43.93510748896202,44.3126682417325,42.771163815808585,42.314797776394414,86.76794083569237,86.50897436499807,95.37311806004121,43.37295991333757,41.933893299212514
50.921801456374695,53.45319831453575,55.206063546556436,52.718942294640904,49.764051886884616,54.65737334242465,76.96534327420028,81.96120503894706,94.61929533873213,52.33343229313587,50.46819693780116
38.76205626197075,39.68762473378979,40.090269427420985,41.14359239064489,41.4847340948118,39.799276126227944,88.28321703952511,87.2003147752063,100.43473847622326,40.21968750586376,39.153332734025
53.843959249708774,50.83397670629867,53.35254141132741,49.12371625938677,51.02681887545669,51.72789618634598,96.43458487103837,95.61747733035186,95.28537303146726,53.271577926300935,53.027201103136996
53.05521979082897,52.701262086641755,55.620272447054504,53.98542763549544,50.37093751508117,56.47362685323054,76.38217981269285,81.14473069212693,91.78696671560613,52.597986293502515,51.225427038488334
55.90636975163136,53.22885864162927,59.27191293832043,54.61414918364912,57.311865141761444,58.50024539304994,95.08048005857198,97.63233969920941,100.66107919474541,56.63322302787638,57.241341231485976
53.801875967654624,55.68435194358139,58.71514405596774,60.15840630206375,61.27538043350049,59.693517379196614,87.34896399721076,92.52559303025761,84.75736680713774,59.830343176728604,59.613596702882965
45.79705982759101,44.750083559389786,45.07250882611751,47.31917595416384,42.941401352213475,42.92004910733552,89.94515144016646,90.40830378652704,98.31224326688886,44.00761653512981,44.03278475804768
44.41536196011333,48.67415889908582,50.983379469570934,48.60602189451154,43.705230995852794,49.11957518270085,92.88380020549471,98.04318308579003,94.1562717062447,52.097006190832275,47.323413139121605
54.34151187412452,53.26182326943834,54.684408835419724,51.723129133556085,54.8135701758762,59.04864909025688,96.86550011416338,99.3011057372007,100.06383222697175,53.709143967674926,53.35010963287157
39.63183571678417,40.63235506369208,39.89753103772048,43.54451962978388,41.87174522878819,40.04158481919369,90.36802335108268,88.25121075814137,100.50996098913203,43.22046353904429,40.40611584647867
54.38298357776309,53.59583187172721,56.5148582922689,54.13368363090668,51.284807561443756,56.430209568008834,96.96953929293352,97.23094556321564,96.71748089859403,57.458298573014524,55.68533582125801
46.53521746094809,47.03105722630065,48.98425692452897,47.45726732172724,49.186923421031025,49.4527270435746,86.92094492146772,87.27855091981918,85.59920313860289,50.536030942458886,48.36836199943578
49.498764539362945,48.22294231671559,50.555754871205735,47.129554836007934,51.4393745080962,49.16357215690707,89.4084888547057,97.63019519452136,98.84427651213862,48.165519138502304,47.6528879405097
58.05959599512006,57.36839297336598,57.52576879421626,58.29090095314928,58.50801017946166,57.488716457520994,99.06354412108203,99.20688583509713,99.88896800317833,56.840079723022335,59.55294455676541
45.72575992049887,43.594401480713316,45.92829898919322,46.37723690049963,45.20832587972699,45.64216686150798,100.06413565906637,94.91213610191569,98.70563438078207,49.195672922305704,46.58850643506824
54.10641183639529,50.14573770018962,54.74814944939551,51.039457321586134,49.84628722577238,54.40986190039202,98.84330633561119,99.17885640681043,99.90242138040236,53.5695751357893,53.514374588064506
54.11606504168806,50.645896703494934,54.39609086307178,53.85925854840053,56.45223458339364,57.3529592051251,83.1733502788021,88.17509765457683,96.6730020292262,53.358727013298655,55.44470890397558
56.04613841087487,52.734210255998136,56.470686839873586,52.404460055906306,56.24255765313778,59.48847970516685,91.97383703686972,96.22114757876177,98.86486657358694,55.592895110258596,55.50788607370208
45.01148073587248,46.37705630154242,48.25249271222066,45.097838846383574,47.47317464647286,46.719327703677656,96.6647139243351,97.12390580276978,96.62521557268735,50.327860662056,47.91355623752229
51.83160393786383,52.567370617962574,50.75205689583431,49.38903040887228,49.15598555594978,52.21412298097049,91.60059644740245,97.79227341922339,94.54009887773833,52.119131143410414,52.92172394230817
49.06896517916354,48.0943585936364,51.317672770289974,48.799130230029974,49.23704871665774,53.1958308562603,85.86241839634569,96.5093267760325,94.77956560853144,48.78610213194046,50.20732198244477
54.73879439379904,51.590499876971464,57.825734839856366,55.11190231802477,54.76021485206019,56.48741171803706,82.61343910576163,84.05281040367147,94.71147858498492,54.144074105172855,55.355173309294514
53.320401437563646,53.355104198463096,54.74220922475778,52.79385125834287,51.46251656610582,56.724436844984226,74.82345604605754,81.47057108226022,83.88562370277533,54.9632175706719,50.95019782436693
55.79592297193976,55.42716068929556,54.5859621240998,51.12259883423917,52.33541475956966,53.838397000063864,97.08208796738103,99.13490682391016,98.80526453267903,54.05029797625272,54.84420584417613
54.90713767943251,54.66192844376403,56.87125482980228,56.22824675306461,55.022805331330005,56.11149654413758,96.7520102128928,98.72886246668274,100.0795353190798,54.71768399409011,56.59152539367908
49.59687140586117,48.71895433454613,49.71611531621475,46.849782070447645,47.16155497075252,47.63488545568974,91.34133684396653,96.74430597501673,95.62345544960476,50.29945037456646,48.9659593083023
58.115329484547544,56.81575171834253,56.94186097389654,53.02691396016168,56.56010593715488,55.36963680462368,94.77419931119154,98.2353563319678,98.39373079176497,55.40822352943143,57.58887468396399
57.98309380012118,54.438366887102305,56.26274628189606,52.09974347827307,56.07058019087531,56.6828918756795,96.11710234562716,97.53879438382701,100.4456513213784,54.27073986889878,55.95899293518248
58.82676677199378,53.48025614114591,58.97781788682564,54.42743067392235,58.62664595381594,57.977826835194385,92.31702181569983,94.54511596630257,95.15206704263873,56.441921312235095,58.08055062521697
50.52510766820944,49.65053783988209,51.430829596539155,48.13834870131144,52.517043803434206,52.973451412916766,73.79957354548611,79.48825082876427,92.06737525944916,49.96924677173175,47.88147365276862
52.259759702472905,55.872897846942806,60.82756307538489,60.18583140804451,61.43035756267972,56.67881989791116,88.48386246638957,91.82310509740039,91.39569213679236,55.90445716445043,58.852886630897665
53.11483548192151,52.75570318464726,53.12489100298822,51.61218816917339,53.31599307042269,51.63782893165328,96.87066969824681,97.01830189051465,96.55712367613268,54.050069789318115,52.70263892738482
47.69175162039017,46.6399337820715,51.55589989972986,47.025329764300096,50.04389986578812,50.349792974301444,85.49020920331614,84.29189177984493,88.95465704934547,48.484410288960504,43.15269577293728
52.02932572346552,51.14995959923103,51.784373987167776,48.98321485782277,51.32759378607584,54.38996770236,97.84708820529993,99.7329154436978,100.94695125318574,51.72187951914361,52.59307198319384
47.07155326713532,47.3966052905826,49.15741916074962,45.4645195220427,52.155842947061025,51.248869247338774,70.26588337827161,79.39986713275596,85.74750100025224,48.583179778226864,44.599169585184
53.76920488180649,54.50590806860058,55.49477661296982,52.191752858878964,54.946703436491916,56.58584504669275,94.77025077260376,96.50168616403502,96.04349217944323,54.549918116272266,54.363079744217075
55.37353009242405,58.67331278095328,58.2579811578472,58.20343715542214,59.752240279157206,60.27620968314412,85.93266165031508,96.08947340231683,93.52425515714722,58.409379477700874,60.30545638339586
61.10670407649701,62.12809273766555,62.17318600959386,60.45380398953982,60.55800000923132,60.00916736739672,90.28952872127044,94.87038864505516,99.48224233524103,58.55248150466943,62.585864366274905
52.33753883554352,47.15963952343934,50.104130608617204,47.66051181127244,47.91328978394107,49.420818047777615,75.64511150861321,76.35115452613657,83.26381155841398,47.166636061778306,47.20674141714281
53.43698326205678,53.12382141711285,55.21516866207558,53.0980520584603,53.95123328328152,56.21751262876276,97.58188283246936,99.04893346014474,98.46177379815038,56.498742886027586,55.429025882073354
55.47025947299832,52.96238792215347,57.516590952508615,52.03858102673222,55.74277712757075,58.58462539779878,92.17346760080854,93.69735020980829,96.01479176526476,56.779235821647006,55.85384454264958
48.01663602624824,53.46331275096787,53.835370992354264,46.8122570990968,55.34432943763716,54.841570068702396,84.03173486396584,73.85384812477893,36.31175047391516,57.75990059226511,49.34709801663786
59.53504496112828,60.28031618189429,60.278965544337105,58.0819189927646,59.21355379390459,60.33961301784892,93.89784236376201,97.61980443825709,96.7220976866353,57.39484350475136,59.7451349155926
43.36171797978143,41.906855533037664,44.61497995622749,47.41645965555594,44.53906779271799,42.35565339916295,86.85026284251761,88.35501589912279,98.02624934502963,42.83609303799952,44.59289131599158
57.075913604261416,55.798394236016236,56.918267761325616,49.724899514931174,55.62091944463816,54.67980067926925,90.2579551337051,92.61385970578435,93.69349581435611,54.45203459297558,54.15660439861167
56.94010317585682,57.937788133583524,55.81148258945777,56.52186303484753,58.81352633228455,55.460108506208506,94.58327331380761,98.08431088492421,97.40088404034456,55.52927837280536,58.44501712259325
48.065721187018916,48.78899589128465,50.987229954336115,46.99523145816662,47.8279483077856,50.46980841395739,97.82487557819533,95.3890742748427,99.02518356281689,53.22349363090255,48.9869886706364
48.143746616356935,47.32800371330349,48.94238304993116,46.78528130763657,50.34867425393027,47.270862048350835,97.9394187492062,99.23649452942361,99.43152580331743,48.68921697439323,47.57913533188516
47.82525909559547,47.857053454943916,44.89592831946373,46.04851557884391,54.81041555784654,49.97905096109813,81.73367755885388,94.2894118230256,94.37764570799195,50.63233947911561,47.80080074239781
46.233854460130146,49.364176765604824,49.67474335658975,49.38321181792984,49.01336839592918,48.75220817284038,95.8574239587586,96.21181692682296,99.22324150252209,49.71222951723129,47.647212925854504
50.90634549865379,51.89468534197513,50.335131546519435,48.559988916759075,52.69861802836175,52.75055826935947,82.59394669718682,95.15613554623424,94.44744662736265,50.821089406659574,51.059392528603496
55.00857178580155,58.42498692928963,58.04455828330951,57.98973716583133,59.64887545096388,59.704213245114595,85.9819901378145,96.65154988216048,94.85989171475,57.67966469643931,60.29250436712573
49.68217085446847,46.43919890432424,54.644391048472336,48.464128816847776,47.08905098268331,49.52788419542071,99.2956521652048,99.10713286177173,99.6848244126021,51.485785084975845,49.11361927039758
53.801875967654624,55.68435194358139,58.71514405596774,60.15840630206375,61.27538043350049,59.693517379196614,87.34896399721076,92.52559303025761,84.75736680713774,59.830343176728604,59.613596702882965
53.886201745100095,52.02145175508708,55.743051417302524,56.27944476133186,53.38563409217933,53.53221800263459,89.62086927544877,96.94108107240686,89.50153379496001,56.80461077516284,53.16338550380999
59.19472227235422,59.70008240708395,59.68061790024191,58.99835721650537,60.6650135288817,62.891614970421884,88.12719004994682,96.98705288599048,92.70308724246473,57.947174515655036,60.65118494456209
47.705038210371946,50.273889860267836,51.17907672097485,52.841710747187115,50.749302485588,54.030120970141155,95.04077782649114,97.6818041719972,97.12124789661351,54.548567040731754,51.186581020904285
47.61510301184559,49.85707334756323,53.35742690522718,50.36070178552124,52.30976934431542,51.94248167921026,97.84063056556239,97.29433914844634,98.13111702756223,52.40377116749775,54.561126184456725
54.918427788285065,54.45000844548843,56.96276539521914,52.29520054303929,54.96195800822609,58.52970161202073,89.95366039422086,97.59373951677907,97.52755498489358,56.46542545446815,57.288233206232476
48.326593547073536,47.61324316604267,48.57516732235386,45.008700362546236,49.509269166701216,48.94510053821854,92.87574587827831,90.13225731653304,95.45708228917427,50.35926418281049,46.60551860836764
53.30870177224057,52.99554189052866,52.13005770326089,53.13960356289395,48.14053780778738,53.447271210353485,80.14015019744097,89.26348746453472,88.39469117209724,53.07669615202216,53.11635899786843
60.54886459109512,53.77952676082131,62.264114852609175,54.59164467412306,60.09685525583342,57.849966936322964,94.7903491382836,96.68823066341491,98.25114808733991,56.56795184027707,55.46002526932922
46.15584976114812,45.71770682899128,49.234297413130804,44.326717051571165,47.713510070580135,54.253270832726436,83.92249890623796,78.02842786041288,86.63233597864955,49.092923660381246,45.38266471920667
48.489697884651335,45.985453777770594,45.47532761338978,44.86568707361329,45.08479167776956,44.80337037606198,90.64992519882958,79.03751836083975,97.33299197535408,43.93460880818574,42.16913191279608
55.95557140730699,53.163647417736826,56.75724797763151,52.203237611370064,56.61080276064532,59.47050168945381,91.60369210386078,96.24490711805313,98.88323588837171,55.45651964682245,55.422942103144685
52.64521337221571,55.13508321843359,52.48795767226534,55.08412398305644,53.44334944228331,53.3764819401534,99.31882418142946,98.5629580533448,99.25398730324075,54.37694678504428,55.48707121514839
54.13304782601116,51.972291470006844,53.401451622431594,50.85665570120109,51.970801950376256,55.149420164132735,96.10985212068758,98.8854736074525,96.26044950317863,51.784068982320235,52.01628659141102
54.28772501514007,55.09920893892948,55.96856150803665,53.96925070073115,54.11353231276355,57.823799179963004,94.74833476054424,97.76394605467355,96.48197229864437,54.95127011200341,55.1842741153428
37.66385734564034,39.646210554258786,39.66654150866585,40.48255181224641,42.245105692161275,41.044701687701384,85.18588503691683,82.4593655811785,98.93201325001719,41.77696783091113,38.27055113348561
51.27234260332351,56.481013542642216,55.362889458154186,52.60269943002771,55.49211202977342,58.78464953459303,93.35649000469921,86.56039422991445,84.79022094509233,60.51800444227625,53.798671163090134
49.927015028535074,52.54296045153319,51.49763815328997,50.83826025625898,51.63301102115191,51.71767201215052,90.60952516428705,88.3864244367492,84.42529102421494,52.83716253647539,50.229718093574405
52.019740437995594,53.72051627837057,58.12854424974757,53.06476807023081,54.76299061613859,55.50464919706726,94.66375653185071,95.76238642844905,98.61483516192365,55.076818587083395,55.86020048812326
59.78227043890942,56.03056007207833,58.69676332641995,58.41123613498401,59.03684979031877,57.51426743119772,95.95223215553648,98.01726345943368,98.66384369411114,56.41025004122792,59.03230422007002
49.56241756465488,50.01461966013265,53.17991956799878,47.13436504769539,46.73233265680801,48.27566981715995,99.63478882295806,99.6997899470789,100.19218740842125,46.310324670989544,49.26736105952286
46.51919832250877,44.98711819945542,48.21856486047446,42.01602784309188,47.35443902500965,50.294359717576086,73.17527326939202,74.61449774081932,86.58966105705373,48.198171217800244,46.22575437211374
53.7156028182877,54.315658472094974,54.1822146000762,53.267265064253806,53.13742338090873,50.67234702029647,94.33032674574586,98.83304295618468,36.79976510014758,54.24198980893045,48.895138135901675
48.55299819575912,48.69098222087372,50.11927367405435,46.41876488378853,47.444096341076474,48.99444090881134,64.22956972382937,80.62042841186145,83.23008959426753,50.011271898902365,45.00608020582468
48.1619583345884,46.24206457713976,47.0718240631808,47.98748075439174,48.45865203914927,48.566208087217206,86.35527821638016,89.37675984824875,82.33872084948632,48.16373806166126,46.14832868855566
47.6807520745241,47.98626583558012,52.67032283042812,49.87470143617249,56.05623884051306,54.74020891724088,82.4561667401288,76.68775521029046,87.8891888604593,53.325303610257336,49.73953167254374
53.64860422730094,56.75595278470387,54.023322059735676,53.60842877531258,53.56995700232948,56.1578861119133,79.0615630763497,77.13944106953505,88.61039632450722,54.475747158100894,53.246562298120935
54.499229894247215,53.90763605406761,58.86675276208826,58.83793977505991,58.249981758453686,57.3847209050424,96.56474623121561,98.1753990782651,94.7259737829805,60.70669790763388,58.51622287129307
44.626390528717835,42.1853958258521,44.7771579397517,42.54617411955032,46.05151161439127,46.363143455149505,80.59411950145154,76.2381055924429,85.32777821112391,44.719937948349525,40.801645529914545
44.26573796933714,48.34412691713074,47.70524024752422,47.67555632789934,50.76536109240518,46.987433016361315,98.9043423760024,98.32264113857505,98.79699956866092,49.25044855282836,47.87621684627509
51.8595143282557,57.59457898993906,57.29764080520493,57.49248020376957,59.348117899304484,59.611420298194865,86.0936592002004,96.88096737458852,95.04060407733297,57.55627984892853,60.18809601853125
53.100908188435334,50.333144944795094,55.66638374774019,54.28029213973883,52.40080517024296,53.19419633293828,89.10246672053873,97.89722483715315,90.02572824620174,56.59553215439751,53.35590799268017
53.1168097280641,52.224924350712,52.418902665136955,52.09208767859676,50.83581230067216,53.12368004069433,98.55291311783573,99.32026771866532,99.43078621644176,52.54332641146807,52.84702085461158
56.26584909797289,53.61149229967798,54.749589468890875,56.934811246129,52.76760724416044,55.363117535395574,92.74662402643473,97.3151957005884,96.39286910471012,55.60401217684687,54.755325965233915
53.419092084063834,54.081786012763644,53.259527864858725,51.67766395475907,53.91953701873208,54.68315372757944,96.72718719604106,97.4287637734954,96.92329104902922,54.47589652962899,56.216934789382094
49.13758030371807,53.903226715736025,54.63543997923114,51.870095405013934,53.25654388196689,56.698022466999575,93.14169975612516,86.81362644270216,84.35142171646385,58.01727860524076,52.2142161460389
54.34017114579672,52.41287785408921,52.493888340044435,54.30291913587418,50.51544139978443,53.73884541289948,88.2644226035884,90.31018035485448,89.17139722421236,52.270235375540956,52.415109782659826
38.52798086837595,40.12770216101313,46.33038347439195,41.10867730569466,45.725138343587304,46.01150863630386,86.23939641419598,79.46269023252403,87.03753029964676,45.477165782970744,38.26041671717753
47.26756431170901,52.59414968168968,52.61463292203934,49.50634990789871,53.548777010175904,53.22151228456857,95.76274227913738,97.16374095155751,98.4712531598442,51.58251673777779,52.59192259028314
46.73839062753611,46.57002917583752,47.344501837905554,50.063640494473816,46.26542055458284,44.60218368806407,91.28979619383227,98.45699593978298,100.44524456729026,44.96286111809306,49.20977871811069
54.39855267005476,55.1536915314447,56.431215269582154,54.88367825188614,57.46665432879444,58.120586826421366,95.29808411772046,96.03440553251895,94.7853852615147,54.61419289140454,57.14652932655258
49.08379079422918,49.32271974608929,46.47413569569576,43.757453585488314,43.600332922483105,46.50556708463609,97.91489780055478,100.32125018770029,97.71951892983336,53.436853145483774,48.4950475978089
51.789381072994054,51.882166640611274,51.609214746119434,51.60113261781139,51.621960207361155,50.64110444417093,94.29379280755458,98.9768621351367,99.27770210340626,53.212170026553466,49.99799559316824
50.95308890142443,52.32760227778539,52.00476000741669,52.55543287768775,51.611258135335255,53.0925676795412,97.24637478765402,98.29097010458594,96.96452394113446,52.62313521341963,53.624321467470665
52.24204818841681,55.25946820572567,52.48223546232734,54.77907852463472,58.170921769640046,58.49596103241514,84.73049821296149,78.46296983825377,95.57216535369828,54.116123353055315,54.89913398495327
49.50392443799184,45.94600580120088,50.810214426106356,49.48761756479321,51.40912409496117,52.36775324355867,71.73217568491461,85.64514888724119,85.59876828351665,52.838823248340695,48.21080931287484
53.68900623281512,55.542568246225294,57.66961766434635,55.11266780013881,57.41752277452495,57.14470198670716,93.80536920877218,95.22446407323949,92.92279935992933,55.723996753628214,56.21999926916324
52.67936416944822,58.73355581220362,59.78070832758271,55.04029395142959,54.76922036262641,58.5872123677882,94.41308000482356,98.2475897235878,96.81983410889077,60.1586121855133,56.45471696561315
49.854646004490434,50.59148110935092,51.43881630350703,47.0706993113556,51.92229901021905,46.63033147904951,98.06035693306812,96.79820442109417,96.31923422192331,47.63455385401093,48.180859270158
56.64077214479006,57.055897411597726,57.22914117933118,54.68281280339928,60.214903561056374,56.75609417500955,97.93383788782941,99.72235887299502,99.90524927745994,57.452149299200435,57.33568182103304
51.00152893414778,52.581845931684285,51.88798509503158,49.84735717742626,52.79597412147706,53.30452018612122,76.03690419723702,84.05515704123825,93.11290533311907,52.91315403672763,51.0567677019521
50.42991893903728,49.83878592815404,49.365364741868035,45.853861298476566,47.58220214096626,49.03336251681942,84.06932856067752,85.6690489468822,93.10232074487314,50.10398002886943,49.12380131585552
61.8210510570803,60.60780279905844,58.82892969551513,59.57741766811256,59.819765079354795,55.43148219693875,99.02480129276832,99.09479259234327,99.67952609852418,57.95825176079086,61.201539251926306
52.52725513975296,53.967459324837506,54.827666493059176,52.05384935360871,46.98187227982902,56.65477365921207,85.38391952301134,80.0989855354755,84.35190882269019,55.032149649100496,50.60162556811426
52.95377747014049,51.755313288403606,53.05409346944636,48.502558221563,56.27444504486494,57.8587422605406,92.79904208579822,86.60847995517504,97.46570517047806,53.60580564162893,56.32625560738321
51.323988093903026,50.98463758504036,50.993096586238856,51.193865709086154,54.18644057199086,53.322883846454516,95.55220082152617,97.67268216709195,98.99749935582572,53.50979297909059,54.976085214403014
56.45949353771043,52.82246823630103,56.11283868914795,59.18935277026702,54.1370964260449,55.05861658549173,92.54118084994278,97.6033296851911,97.0510281973328,57.2252840447441,55.658407547314255
51.355576384197,51.571949216766825,51.05769048669565,51.50938749851632,54.09024971563221,53.396467957682475,95.60104413470461,97.67355080254302,99.39100731036716,53.463722153188584,55.20059435575226
52.17001474670042,52.62720097891251,52.03524960614973,50.613277525549684,52.69317566429189,55.02867048916004,98.07116779054626,98.78931845716586,100.52890472118858,52.503154213559554,53.39374163340203
55.744039886604014,57.9133038129673,57.50372937518638,53.37523470892055,56.16023468169308,57.46543762766033,92.09619606802772,97.92494851848137,99.85029360587893,55.192809413522106,56.54727717104819
44.48399440112729,45.87680675566157,48.94111334279278,43.78244063928842,50.82664896229564,46.99920095135493,85.52360766241011,92.82020531852497,85.15173299900978,45.20318742086128,43.49287918419725
49.91849981797269,48.567203759959654,52.85344107574718,47.00621599743069,50.989877671335684,54.836327784383926,86.42999197596667,74.75737269468183,70.4466336538425,51.64214750206963,47.23297256484716
44.848060465743664,48.362376275305856,47.53293359081583,49.086080046608835,48.42050463921002,48.23176618538632,96.09341951338436,97.26073602345365,98.4825347166184,52.153762778688005,48.35848992706549
48.85442862296266,49.10487520765303,53.889226480996015,49.977425933171524,50.29164847199402,49.13531960574064,99.6466471862921,99.23782255272585,98.9470645623708,52.91005733802427,51.948223283237276
54.31586224028237,50.880953137016,54.25711176179656,52.07195085995506,47.5754824953378,56.51232250359559,97.33421970823753,99.84376372536522,96.40316250987084,53.55027849139036,54.11637280570145
47.132739502461064,48.303435204281506,49.186791255977305,49.13705374976891,53.06273982606203,49.85161561878151,92.50361022149215,95.85006028971807,88.99003688874441,49.88300503169185,49.57053422449102
51.65378635892588,49.6386032241538,49.654694239915756,53.71220142504028,49.61100489956008,51.59618681812118,98.71886392526443,99.95093909126425,100.14171028687295,50.5985192333807,52.15950336098918
43.36171797978143,41.825947084926625,44.58279961259112,46.524426991240574,44.55083183955753,42.35565339916295,84.80034766651906,88.09953044446321,95.80242210556231,42.83609303799952,44.59289131599158
52.04697170453251,49.526530266049136,51.72531248701189,53.403697333850445,52.07415810244236,51.61065376549258,97.97534733417257,97.52791631464508,100.11741900255767,51.29377515360408,53.37909042866799
46.76268404525227,48.56970975227779,50.598567808043754,47.14446308302802,52.50580863501636,53.26776185558815,83.04489110827883,81.66617083988861,90.60309556419523,50.92768811134923,48.679181331668715
56.6030108808095,57.8543403665922,56.785513535773426,56.02526947319466,55.27122264469518,54.532350954923835,98.93478386552259,99.3378431349899,99.45870899895854,55.92969642443262,57.18660959140207
47.41573316876288,52.12625978755328,52.05085057585504,51.45392265071215,51.712199122302934,54.97840693407763,94.83716974830446,96.4739904459357,89.17362445625429,56.2706825053836,51.22822127056204
59.43944210636044,59.14062844580527,58.71572935591677,58.608154762214895,59.91147248505945,59.250216470058426,84.12785116622054,96.21811226658158,96.08515311616907,56.4199131774471,58.27711153663117
53.608040641033625,56.5958909841032,54.84856716122677,54.42110845165489,56.84560476638157,55.37772153097561,99.06506113219926,98.82413384290234,99.18132118980073,55.59486162007828,56.85748332570929
54.490564347864726,52.88850369038023,54.31826557051407,51.21835318824099,53.99184696287435,59.865800352951446,91.6749163992082,96.79486386324051,95.78911160853224,54.947703859791815,55.26349444830552
55.19294414640887,50.821632269307344,53.49024528216412,53.864061142876885,53.68770402976134,57.194674559200394,96.91647829776076,98.0444651691941,99.82504313607299,54.97063212142215,54.93723935070719
51.33468558941901,51.6624577510639,51.54025619454778,50.867708576207676,56.833902280668916,53.41975095433581,87.65819853115593,95.8915758134356,97.9830577255009,50.681370880055056,52.990000314277374
57.460098182201214,52.63486167401907,58.0942147149448,50.388247053530165,55.382209070981695,57.5394078693973,91.46879285104067,98.15818671074192,98.33375652107121,54.33319060819646,54.919569671957944
45.63353461766939,42.725563630734925,43.698649178765564,46.5719947874362,45.25546432736755,43.63323822487447,99.39424006769896,84.10280105182743,97.32433112145594,48.46806752843802,43.73378625245526
52.65726568650693,51.61689217254172,54.21616426006184,50.85748043286348,57.281021383466275,55.360077764070056,83.97839705772726,92.64898421937517,89.19683479969348,52.6817196171104,54.53705469733231
59.873882311723406,56.084259887722126,54.646417405932624,53.48203729606295,53.49027258220516,53.060704141282265,98.04482451214093,97.51954117835292,99.90677400942698,54.770105911859815,55.807107803227076
51.470001645728566,50.69361766043426,51.75488738725558,49.8720655691503,53.41700067956,52.139153727709655,92.67008087096181,98.0486063056477,100.27737997764703,50.136718397165794,51.05643279324026
58.99608246699469,62.61423635575811,60.7045397928017,64.49076264640384,61.51271869163675,60.63520844002049,93.46531780497729,88.48163563311836,92.54159472418134,58.331532997363716,63.579445204280894
54.80967109246404,54.216599912341,55.421930201691296,52.731565757567516,54.63499819259232,55.82852616157291,95.26866237920665,96.63112857246324,98.24405800561959,56.82329311610712,54.17059220822419
59.79955052889473,61.375656370718275,59.500008141761285,56.62907487460083,55.16844830324015,58.59000461588056,92.90078933017065,96.46797207083205,96.12921689369126,58.00339637066786,58.248056063332115
55.61220283511454,57.03817676003628,55.44177573563094,53.40900547458798,60.064072658358256,56.10277142440029,92.23541566117348,92.59858353745017,95.15060185001555,55.64184719543696,57.27363763454208
49.600473748334906,54.83579999132296,58.02790864711827,61.62608418572026,60.35457466000504,55.63249671010468,86.13657397120151,88.65788049469471,82.20040840276756,55.44527774093384,56.13111301126821
57.61359208260155,55.37734095008444,53.73796822012573,53.66581150905701,53.558153615023755,53.0509887317222,96.72830122721982,95.81239060899787,98.31055527142355,53.39179313587586,54.086747559997576
54.82123567087438,54.07064095726724,54.50956588156941,55.114103862178474,55.524647995298615,53.850621108235806,96.7019533908017,98.60978534825124,97.37278090440489,55.915623172561894,54.7201225531032
55.87567256331334,54.81065936203967,56.689074187861074,53.250681558529166,53.259910649359384,53.44773087940672,98.15046285202345,98.23529998239697,100.66319632569127,55.29422598107527,55.55863572187587
55.98913193894168,58.3750505534513,57.92449111191071,54.46474319836329,55.202881271629686,59.206645173932266,92.37793205337904,98.56030990603557,96.74878619388059,56.84694069722691,59.343619173231126
55.87936205930012,53.871241594026344,54.90305443388108,53.61645069104251,54.02055025665817,53.92405364841628,96.57124439197179,93.60856090300987,96.56143451720693,54.21567180671391,55.361573113744285
64.18296626786226,66.55737230172966,66.12657567091048,66.46746065909461,65.63192195321365,63.563434942772524,98.89119267069026,99.12683122971654,97.88493274194164,63.47582806431498,69.00993866072535
54.120170074711496,50.06278174089343,53.36771947184362,54.969683928990236,54.13794502370864,52.615993657923745,97.57087233959486,99.95033999135916,100.52495947046418,54.142179035261634,55.18466925238889
50.20387778916709,46.303821672853296,48.49055649226834,47.86268834983266,45.122192048699,45.9180795549144,100.12736837500803,98.00521857655283,100.09732822914745,45.82997085725025,48.351039459611904
43.31465594530324,43.82263709154052,46.680404554846376,41.96296059732487,42.21420172453458,50.147873832199274,99.10265769396958,99.62844912570438,100.030730523496,42.89244985111378,45.11313764536101
56.944299178919465,55.93540007057549,54.21422668655516,51.54441943147306,53.43720756843017,54.40786785904673,95.96144592981214,98.7147066428939,97.77341940771801,55.40508620255626,55.36702648104507
55.93838733989891,55.41449011765235,55.52778570018069,53.13442269530784,56.22552541798035,56.80201877369555,94.14997589164578,98.41589322170074,98.52579514845465,54.781085051861176,56.87628058501417
58.53151341142417,51.93572721861138,57.522140079125286,55.82141182530588,58.08518456845886,60.62393845096428,95.48437177063163,97.17663451640328,99.55302806401588,57.40087620095712,57.54337230094001
49.86587714810124,53.14344315270917,51.99013477113891,55.47580547568269,53.28167400627325,52.61318933806518,87.82315610545045,87.76464814956591,93.49886737625685,53.01067399428668,53.78716662300503
48.09783401219805,47.75859380685561,47.86155403986433,47.29064495139527,47.30273239826769,45.89100233752392,93.23797597126494,95.38505010978633,99.6921353791935,49.4542769706315,49.12936353101287
50.8039385256528,50.051522729656995,51.284139793501396,50.60122300312123,52.857781174074844,53.99792754407348,78.62577970532654,93.51491058941336,87.90667192663639,52.53123124368282,50.26140892998663
57.030298568752634,55.95916684484382,54.3049323907251,53.83864665648268,54.004366782319536,56.31859036014828,96.22073412288363,98.17502978215614,100.06812565005845,55.0361322136056,55.09277330582104
49.808221463048426,49.099510332711084,49.78510007847822,50.06497186220502,48.78571031998205,50.5229859000526,88.0377373857877,97.55146130493611,94.29361856893007,54.22833302398592,49.58876542395216
47.132739502461064,48.303435204281506,49.186791255977305,49.13705374976891,53.06273982606203,49.85161561878151,92.50361022149215,95.85006028971807,88.99003688874441,49.88300503169185,49.57053422449102
47.52222854391384,47.86809163384013,51.138581196507545,46.72500569020867,46.91434444950591,52.46622102449773,81.06543272196645,87.85955299276962,92.18485501479807,53.41770221321941,48.62371922655012
49.336074794524784,49.96766341926571,47.072923537772844,46.510130983065665,46.655601662940896,49.07917859210584,85.64521718565439,86.37044677727789,97.2240881764885,49.49663811007174,48.18636077786247
58.08616058669862,53.834366119883676,58.91959805097181,56.42248399899479,59.550847155606895,58.48795860565191,88.95256725771401,97.8664637439102,97.89965314081881,57.095369214848006,58.29929940703863
50.222405372414535,50.37523329907644,49.41399240921544,51.66884980338645,50.36551217852666,49.91792560570645,96.80392341961777,99.71032773122144,100.14503708437351,51.25390807238618,51.62343924114518
51.00638085882662,53.79785562822791,59.58143105486694,57.13131842503292,57.313619936035806,56.68084149458599,97.52762398954363,95.44498959349089,97.00376024762619,59.51001618779091,55.56363540109923
51.33185394218934,50.34839425375801,50.563833624715414,49.81614566952948,49.00185824606177,53.69589107990347,95.22568417096815,97.21400580624365,98.33726108500142,52.29313549038512,51.74844439700378
55.13979069348531,54.70202389677076,54.25518961941667,51.50200175904834,53.50280224835912,56.8219644915162,96.70456413414495,99.42912650795778,100.23119496935891,52.55228291235138,53.77582652730874
56.1965845725819,56.69878035126273,54.5360350279844,54.48247350063747,54.28350428155848,56.80625446133283,83.53311934211823,93.10139419758453,89.87171876302763,55.232548959332746,53.18693865065443
52.24800454542399,58.40454462684015,56.23937569177588,55.423730269316046,55.58847387153044,56.38554836107824,84.86836439044913,95.70721141539681,91.8630818465848,54.21986924446526,58.48496253263802
53.747473335843644,52.71984278492458,54.77533172069687,50.38943278388803,54.29538994570753,53.43065295030142,89.97976375835664,92.07946694500632,95.19390800435565,54.524952140664965,53.173960916818174
52.85732569456846,51.97453873814709,52.929605027767934,53.87999898989405,50.33024442311757,55.875908307736545,99.32634096604991,97.55453754654144,99.06571372705096,53.781220513315645,53.059838825395076
57.06533201423094,53.38679056216571,56.591942329759206,54.46632500699987,53.30308841694559,54.40686410503985,96.34821801679244,98.32672244312005,96.94010588743515,55.53548088109401,55.52586875405065
44.05230636877205,43.47655625840787,48.56416470826157,47.06327465128106,50.287258133694316,51.90033153845737,92.09925992218797,82.61365640842027,83.3316685098859,47.40754634839672,44.9933834908083
54.70260909070002,56.056902108991196,55.51504710994311,51.524973837328,57.03428915782608,56.11365655687647,80.88567179363369,90.7426114116742,87.65955168551696,54.19192103406118,55.180408644682544
53.486066247858396,53.413140577517844,55.05417191710412,54.321022627752725,53.790657166760006,55.245840388370695,87.99587726183952,97.05674449493108,90.89031062333338,52.18086988152196,55.400128641998904
54.47203588619292,51.39890640565869,53.232706767999325,52.176119518370896,50.00368036486354,53.29955310852566,77.93304091051775,82.379931206842,85.26948657243467,51.97980952002244,50.75836039005052
51.00388648715094,50.23909801725369,50.698793145072656,51.67876682917534,50.56527246992701,50.403194090325236,94.81239524607702,93.84350312964462,94.94736146215527,51.32310457121722,49.091423481117374
48.466754442703674,49.7323613738582,50.199747144597055,51.054609987302015,51.21591337071338,47.72518196669412,94.12916588176871,99.1293337334844,99.96833505215177,48.996779489470356,47.83046872023798
49.72240334495328,53.100162288294406,55.01435484539712,52.42511083510105,52.31922134584153,53.41205979903721,98.02048476584423,96.898298818874,97.19822214481907,53.19562260225809,52.537363644418136
57.58581203990019,51.48669813422824,57.54110963829565,55.33889643906994,57.550303326564254,59.53554254104235,95.74399330297445,98.03247380617702,100.36133214697576,57.065282433589246,56.896571262550765
58.61474875947671,56.9407530923078,55.68100370100537,56.90890350064504,56.98938426399091,56.00392917469868,90.43452676125935,96.22933321965795,94.46795169406617,57.94389204123788,58.62150935960088
40.859953462740215,41.42035210149089,50.12630253657928,43.956014635204056,39.97390781206119,47.53323974389201,96.88465443683612,95.75093704420317,92.32779983085382,49.24226190251639,44.008917971937684
59.745427791862724,60.19508415737978,58.71247141704887,55.30239496588949,53.590483545266444,55.95257121538854,88.4680659866481,89.57133807084523,93.0215192004676,56.32441094478587,57.475759840855105
52.66163212853094,51.39864183690612,52.4712301020881,49.18872511853591,56.10141424562784,55.983603775399004,90.52993276055827,97.96937829372342,95.90706430466099,55.38467370837875,53.435710594319985
56.295921615614425,57.442731537997815,55.850541753262455,55.002009624334804,57.71729057105888,57.72547520037609,72.83675468206154,85.3335943645573,84.66755748072197,54.918923144474704,53.12682052756785
56.89315863123707,52.78275134664047,54.9920901452962,51.68777475727326,56.56813620807364,58.7419588651173,92.08380876887836,98.82846506423044,99.46083049772318,55.13616753579332,55.06944225947502
49.96564720372798,52.25709613317994,53.485370002896246,52.847660007055666,49.292831101503225,53.792310113689396,92.34101556218371,98.35864459027275,96.47505370148166,52.90326222835002,51.74150074811771
51.50432862556313,49.40525597193416,50.77050172903391,51.071067622209206,56.582218408317175,54.41238645311505,64.92154154996153,96.43814996768253,91.73952488202082,50.699672087816154,48.69454993301257
50.55638806877337,52.25781332335198,50.24943854817725,50.36207746409134,52.588661814821414,50.56133122563637,96.08562085090357,97.86538044314335,98.8366818230408,52.10625178204582,49.756958489458626
59.455519645526024,61.11721453478264,60.22389731164925,60.855250728248734,54.838112486833104,59.24898182407976,97.84889526203499,98.50551735044496,97.59860736911764,57.904665712373586,61.855697946782996
48.789448852876305,45.41769171993204,43.27819763197971,45.32074434559699,47.71833020925643,45.00553161356062,78.97407784541262,94.0871012375535,98.67828726762116,45.97030955234442,44.97596914579437
56.993295544336256,48.90157242984007,53.58352905506252,53.34499601481427,48.80579086750275,55.971926902092214,86.03269088968747,82.3594018112972,94.09076784924915,54.162522792276235,52.86529587649855
51.64756095300838,54.85154817072957,53.19901046544915,51.2967936075507,55.50308823747103,58.35823068151001,97.48888806123533,95.76520768139612,98.3472889127928,53.012091312415876,54.03059711306206
53.99941163172589,54.64912343315728,55.8315363343215,53.03058224857011,54.91558860415937,56.85024507381077,94.65931769822977,96.4747540137142,96.30959514087837,54.451525623420636,54.45054753559486
45.08300942720006,43.52142921767629,45.41465593592894,49.4146712067359,45.80262566670983,43.51072835227795,86.84679302756734,90.01136854485827,97.51041306879407,45.168418854792904,45.38068661895519
63.25000405174013,61.231682631542846,59.33249740863361,55.80023939173459,59.64595597294455,58.87483285082861,98.17416868458818,98.55034576981465,37.951857594206665,58.75678081124744,54.12754228255379
50.194465114174285,52.30155818055127,50.21371515589058,50.62230768404492,52.39452011486732,50.94848292530277,97.31829733279976,98.3233508110771,99.78604413722543,51.19066319410392,49.97593507204307
61.782979849073804,63.47088657606774,61.06009561403552,59.762004051108285,60.06105302384783,62.24594103513804,94.77608249992483,97.19738715546065,97.61138540628062,59.48351758168793,62.44066032550567
56.43756247442918,53.2394486359745,57.78004385825294,52.50523841288071,56.030346677164225,60.46234457049893,91.42502584948156,95.75063186850835,95.73470707437406,57.21240906257199,56.64997513209388
50.85635200143067,44.41463906777495,51.578353381710414,52.460774697913095,55.80112793565312,53.646321642864095,82.2071263648339,77.94464007755275,92.42439756019358,47.65014407678059,47.125204466944346
51.06689179082991,49.14127652694371,50.31796516088438,50.32205497117684,51.57816320245942,51.77364157493684,82.680149936087,91.60384273279539,91.95681036420355,51.87406879539228,47.99960326077261
51.885392481012175,52.61620650063586,52.855951196599776,51.77550324189923,52.95282087958752,54.263487119435695,95.83354775957537,97.8921673893187,98.19750271036676,53.897940138093716,54.23804188167795
54.713108521831984,53.87133906636308,53.55790364515283,53.36120888317948,52.14483054520736,55.56411656407583,78.99131094248168,81.38058475586388,92.73550721580038,54.6271634378438,54.15908424859409
53.47663445608947,53.10597734502079,54.640851066396976,49.69801895789902,54.23254005758448,54.17668195599314,95.32761223195467,98.02260553488688,92.76053326745595,54.61096504545242,54.45603855003816
49.924832817629444,50.107352048848966,51.4864119368021,50.77988109911075,52.56160034264622,51.03798809466721,90.52833444537904,89.20093397684026,83.80988318387166,52.205458837177424,49.93787942092279
47.417546595505186,43.49682114708165,45.469771393266235,44.00091220395367,46.949461753237074,47.80258819449146,72.0490634121656,81.17810570373743,80.24546418416342,47.391659625570604,41.17181173784989
45.764109624111526,45.34141135554207,43.029560954558605,45.019325078359365,43.072636718205985,44.34035524132,79.43640373100376,83.43236747642749,93.78959783690192,43.077381861469924,41.15812279391871
47.08229069364006,45.34202430482495,47.80276878014257,46.126781101839654,50.33617153757099,49.83430271412358,81.78366966055162,78.93399255164518,81.18146932959493,48.36911751210819,42.33156988446786
49.194270188086136,46.83808780033884,49.720052653988105,49.31751131841145,50.37713241599848,51.03442553207873,83.60685763042446,92.03698330853203,87.76528943902768,49.42650957909086,46.51748265037909
49.02910118515217,49.81501941688769,51.233984206306395,50.57160407133702,53.14806683014796,51.82765335827631,93.64192866082303,95.59959548686052,97.00772146180967,50.85979203316117,49.7296861591972
50.78880294661964,54.161587333803304,52.81309174572208,52.432037331975906,54.87272265288249,54.10685582859027,97.7305503190137,98.97113055896699,97.31819873579741,52.59225798554259,53.7162626585273
56.35231285826049,59.258764161389976,57.9543160606613,57.25864831002137,58.73394753401952,58.133198626173495,90.76257812093812,93.06797015083697,96.65552509831959,55.32433720171327,57.09699008515595
62.225026675083335,66.8487212045336,63.601238517068346,68.7601727155512,64.91151969030548,60.198105085599266,95.84123967650567,94.00771037741902,93.72888883927513,60.666703740636976,66.68377175614873
44.24364824888181,46.29124387756889,49.941540378334906,47.89359536914802,44.899349336800846,47.920686232704746,80.77631437266015,89.74512052217871,98.93713799361292,47.19477275028172,46.54339574618935
48.07182247059583,49.263973738521706,52.63555972198039,49.028656919382755,48.1476586274533,48.81536062848928,95.44419693791178,99.25194811051124,100.10171316524573,52.142417080918904,48.24746294663355
56.237721124139036,54.77693540737346,55.05566856663911,52.929587592452414,54.38664297846289,55.13955213377073,94.05202509930456,95.4808625627071,93.26751435660331,52.861280508560114,54.24997149883556
40.46473592206393,42.23791299294388,43.04353937185748,44.173142175139446,44.526505206678806,42.29711884236021,93.76931280682524,84.2773118618505,97.42289636293717,40.59832183309904,38.82649165066869
50.03077430973334,53.874195134696706,55.51326344248869,50.08005298276546,51.97998317203036,55.72454231095625,75.72778506811912,79.274557479089,89.14897930280394,52.44247197345993,50.4639246174596
59.84325047077536,55.43308267562253,58.080730928917085,55.54637867772061,58.022941872042324,57.00963983354687,95.406357944763,99.20615140633035,95.17876602075945,55.964775984689865,57.64970255981946
50.58960129873175,54.725949392940365,53.85716139557152,48.09538706994313,53.11474924856874,53.24259102910331,96.29395731876308,96.36524497592762,93.41763379334517,53.54462773978738,50.60728466460476
52.987150912693714,54.625551632641425,53.83874498958934,54.853111884665836,54.95315723836956,55.91793995413133,96.98116057127824,97.21016417793167,97.01484429191342,56.57460628391449,54.99672916679623
53.94830288429287,54.471184045381214,52.40000465764802,51.35962456421015,53.18515729313869,54.649076022058,93.4673402016669,99.20166970603071,98.19881121935384,54.33314823261,55.76442725806398
53.55600204202651,55.32017060557294,56.51194297922214,50.836062236885134,59.34918918628546,57.05785825228831,87.49452086212216,96.35421472253918,92.95205468385883,54.169971405472616,57.7321154122716
44.365730891701105,43.43087243078654,43.93510748896202,44.41329762567519,42.771163815808585,42.33617267135887,86.83929359428186,86.86283243268011,95.58941758465436,43.62590127740239,43.09352867357872
43.67322262667082,52.32625770067255,55.637267690022895,48.285423775450525,48.541163812486246,52.94114285739134,98.08818557670078,98.69328266193918,97.70029853116469,51.44387355046315,51.68557331818973
65.46383933916073,61.422074328639724,61.86989396735778,60.36341657653346,60.47949233462566,60.45577909766886,97.70535620795367,97.3268378499089,97.76082794962257,63.05521141519721,62.93241687034596
51.44541598610983,54.73358212789132,53.24992991889391,54.78708689267677,55.814876049789525,52.40192919680133,85.73634000305242,88.40946779793603,93.28289274036429,57.34964187756499,54.288877219231935
54.722065949123746,50.5838038511518,52.65791800038536,51.8461134256802,48.27041046251885,51.74052511861572,80.05187486831763,77.38871176301868,83.26220202304518,50.97395441284796,50.70561657689868
62.86652278529702,59.6935453455623,59.32726811703347,57.21129043062774,61.102459592586854,60.663829829510625,99.28953619794375,99.3775879230715,38.33161983125494,60.81439923893414,57.76776079850956
58.13235555329175,55.955940403450484,56.17961323922265,51.89381903424359,53.41807295498356,55.22816761784218,97.32211107870815,98.95671868532645,98.6530772004928,55.385321739013136,55.46958544547299
52.93597797599705,51.94080592106199,52.055020144155364,48.76343974654854,53.92788305041826,52.923003013056956,74.6489576494147,95.2788917925916,83.13622444369284,52.71826284731556,50.90172372269402
52.92695617705966,59.824623932509326,58.9425820139695,57.74298328525482,56.88080284134376,58.351308377593426,88.2068554774351,95.96975670152725,93.495835803427,56.445955238110244,60.02284494295757
44.83191806347937,46.49480371431273,44.92701006138622,42.429974866972856,38.74405074623509,42.813594353885534,99.22021691230069,98.95658284855625,98.17534103898599,70.92991236219842,53.603836041078765
48.219861936861506,49.23899172155386,47.96338195558587,46.97661101177671,48.778811974970786,46.33624350723155,98.12294358698563,96.91067494448679,98.54060587762115,47.872427670080114,49.0227688001396
52.71692062317331,52.062770781143286,56.00236066560966,57.79935257245731,53.12668755425075,54.5388743525732,95.44749750829206,96.53789965293544,97.60305978002056,56.592117385325814,54.249676262938365
55.2251490324111,61.88545347590951,56.98592794362039,58.18750467275887,55.54088630434404,59.04971634226507,88.0414030180674,96.31615967224151,94.71677522595076,56.89537635552636,58.560474104143616
57.64974584192761,55.61808332393944,56.1664385655903,54.30272876235972,52.909486507046495,51.82300291073341,97.05624614046685,99.45645455992447,100.38098733798199,54.608757632607556,55.250017706876605
57.34807536333591,55.658780696283834,57.282038852367904,54.40592298819616,55.173172059530195,57.160021196371474,95.33792715861269,98.16719019657276,96.38197098188817,55.520854723438596,54.885365163951846
45.61263083168784,46.192762869344364,45.31813228914415,45.68304837851275,43.24423793673872,45.17621571790547,80.1996811131782,91.00728366073072,97.91102694206744,45.591203464771326,44.101951937032524
50.089877561897374,50.779624645222306,49.86976546438322,50.197732207229095,51.160259998024976,48.62288329718753,90.88265537647317,96.22714067225547,96.6043843666097,50.49383888432472,48.747998771987845
50.492605990687764,46.033474901683576,49.388043195629905,49.031552950923434,49.588179613193404,50.54947605143063,81.62204149917484,90.55136409388443,88.15767634286648,49.48519958769259,46.692707734182925
55.871318192288314,56.97565370873896,54.9191535290899,55.209082914240724,52.745521168090406,52.188904432760815,93.66990248542773,98.61432528279732,96.53771553634564,55.09684376758563,54.15125148770073
53.66391107057284,53.37604815823297,55.608937206088825,53.67262813336468,51.90114261384833,55.977326767707815,97.59852616284209,97.50077139469465,97.38935886483615,55.027081862319974,52.306319769641696
49.774982915662186,52.39807187695898,49.36353385939728,48.28212499047903,49.13288588912248,47.03849743323268,91.6479953254032,91.85004918376688,93.43327001698694,47.71172874854798,47.22887607597926
49.610029046711766,49.15827058645573,47.565765417024586,53.89291623291413,45.941304937633504,48.78523683679232,92.33689616664587,97.90861323257252,100.26676986048335,49.04521886430372,49.16172423256482
52.677678895635765,51.97223360464067,55.82186991573371,57.819630499467806,52.92665422151451,54.47250827114534,95.58592600661488,96.51545487734198,97.60305978002056,56.51256841656287,54.19543855495785
51.27748394960556,54.90168521168985,57.22266977201532,54.928225978756124,57.93909072418327,55.93494438198895,92.1540260213581,92.91814571583504,97.71787698545398,56.00868590818891,58.356044730623054
54.61733654788629,54.32403743470494,54.39093750911024,52.43130645627295,54.754565973403544,55.717971928698674,92.17073620114402,94.94107141695534,97.91114580274788,54.146070830426254,56.09813874640804
53.486434358486584,51.986748979685814,52.002735885101615,52.32766685328748,48.77729644970293,55.68556923052285,98.41345335879576,97.40228149657476,99.45834436889842,54.18663736518619,52.05627112981156
46.97480137059479,47.781855263813554,50.84035549974432,51.204582241488005,49.043582008060184,51.772019752315906,97.66071365251061,96.12635318376059,97.36297659365455,51.87560353953335,48.25184406124475
50.35685923666853,50.54165004104481,51.29674584260184,47.51590749285087,51.05578190149369,51.42962959530841,90.63845713750092,96.24037324709938,93.56540402764571,52.07442492929923,52.492188768215854
53.46554718206697,53.86649445444288,54.72949704384251,52.98549267616585,49.8841040991491,55.303765168100746,98.11848535104869,95.2230113830314,97.21446692225614,52.018986528155146,52.27360783419173
57.62238594364102,58.37045348292811,57.69942171845403,58.90452076908907,58.34811744355343,59.17500301181672,92.34509112304345,98.13573997873581,97.5241502089205,55.75297506189091,59.09725508793296
49.41106385543523,50.12022625178424,53.37852293387727,49.350525767568335,48.48924350152819,49.62249698532534,95.09153128806491,98.77749812922224,99.33617094492519,53.89204345184713,48.2594566914335
52.7576294955497,50.28480444390696,55.800907631241905,49.902657357998585,52.40229626637709,56.00325843136472,95.636705166555,97.86165863346318,100.11112851832773,54.414281266990685,55.13247676164031
56.263861196234,52.84477027322496,55.77529356318351,51.591741696965855,53.53771349379991,56.40367442902898,96.52761282436008,98.80767381442084,98.15213186451658,54.91655423743006,54.479748737033354
48.75613151292702,45.66778504348098,44.644296607921255,45.46405492185578,48.05738382441764,47.044588447094064,82.79184760059344,85.00944659944633,94.18411339955622,44.986692600657726,42.62616004478724
53.171473724420885,47.846206526033825,52.16183535496487,52.36832255641839,52.17210141893503,55.21762742814561,91.8847634132941,94.91520441480677,94.04324549220966,53.11427758545066,50.73470658767265
58.87815789728038,54.29899692303707,59.99984142955447,55.428495799425484,59.068035031711574,57.958075601231705,96.48769078478611,96.7428840031635,98.44229040843335,62.238715818927986,55.50329604542378
48.36724821588245,46.942597745205234,49.71492081001067,48.293655239816026,53.58100774206247,51.33234963314784,92.18440271508102,93.92668088194954,93.24480985212912,49.125923111819176,49.22232799565165
52.8209973492334,50.3609337207735,55.682390016841424,52.73367030411528,49.781623101444886,50.93148453009633,98.77998216241485,98.86693813296871,100.08269419797854,54.01019308422389,53.25188781147315
52.07551550519682,55.21263481539125,54.366360529377395,52.791242257858734,54.303848698353576,56.93414406249553,94.58816000694634,94.60678051137673,96.54641258844045,53.547371784927435,55.03976141695034
54.23089006056233,50.09823597518979,55.88874221388907,49.93185126075391,53.43006642513748,56.16940499148962,91.98449140966528,97.9323078866091,98.21129232638663,53.737353329845874,53.68117142303037
53.44259099091307,53.37561789471503,54.97846329534224,54.23478163586262,53.697206897667755,55.437233138644025,90.37245303001212,96.93241492169847,94.72853466817615,53.174048210183145,53.992259248894406
41.29893274013213,44.05481036431793,49.703694345376135,44.37690217221613,44.65114281899449,54.37959972581569,89.07553034763853,80.11375112440224,83.82177620200666,51.74461642396687,42.31223799123496
46.6980773616295,48.157157122093835,48.73845937908366,45.9931314667556,45.579191306794485,46.26414542020398,91.6788800527419,97.13945714524043,96.7563239278702,49.04954099581945,45.88429999433752
51.36163339368618,49.722957125130385,50.94712928301322,46.467693422757385,51.13307094457781,51.62014647347604,94.23483482066439,97.90787944027943,96.16072661095545,51.91830424127251,52.33496139991123
44.28894636831083,49.29171745004515,49.67679517928024,43.796914365606604,49.83389473976827,49.98145579078429,96.16173264774785,98.32481387169334,94.96834499868615,49.18969666461409,50.16761034358628
53.86411174388131,54.21085272892769,55.56566724195095,51.96868760495741,52.18567715175601,55.33832976049236,88.68160035327641,87.08840739316739,91.11761897526682,52.827396410468,50.56467427312216
53.38631931091284,52.90381814078725,53.0556319744691,54.923860394886745,55.49600117006953,55.574220701195046,97.74043151987998,98.32014594786344,100.34248214870742,55.172301432319784,57.83217738256153
47.19823316256918,48.788324612082725,49.492630739758724,49.39257521336897,53.01060309974788,50.01451742184585,91.6099679861959,96.05503327287177,89.22042517540659,49.756161353847126,49.75596116847608
51.07137718376758,50.53915336243039,49.309662997543455,51.640033057744674,53.24407050504646,51.9161888540034,85.82542642181575,83.6226309056982,91.26184054484285,53.348715074889185,48.732679224366606
51.478946287916195,50.58123991531484,54.360969882118184,53.40055412845857,50.25392986193149,50.65625973101422,99.51694518879135,98.83585946147068,100.07077111985099,51.87645908286292,52.953484413551394
54.7330808658738,52.25151252636547,53.77167483402821,54.01203594630634,54.80327304367675,54.170175547288096,96.2056053553802,97.63308803723298,100.07933966345294,55.47416348374284,57.388894755445754
57.73547710043955,52.66797753523943,56.88326892050071,52.88587743945088,56.18664631480839,58.0476917903185,91.42170761521339,99.04377221756428,99.9690200871162,55.7856788379034,56.702593529432846
48.26128667658778,46.56242778244144,51.47657870643516,45.49720564550092,45.44094974422431,45.07785281117711,99.74128717223947,99.69576723064581,100.37672360178696,44.158287132332546,47.494290420139684
57.97884242124949,56.35987717683321,57.19465594742664,53.93716878037095,55.41191106099775,56.996226685495344,95.86045969659175,98.00324757187765,97.55304652660382,56.33025548026814,56.48836262527622
60.42942026152999,60.76402474311608,60.26191292378082,59.348156231988945,62.35020555411408,63.55869602916371,85.75774934177362,96.94698667603811,92.59993196074839,59.955160484356256,60.64457551365832
48.10711735189979,47.773403871591086,52.32232535082727,44.17564160932744,49.73038224027172,52.62827079468317,77.55130164207077,81.1899964708455,82.45729320310906,51.60247477622472,43.017196273824055
56.35581913943486,57.764519088483624,59.576667516956554,57.82862971176964,56.89008824811185,58.530091928192974,88.37807096765987,97.9065666994401,91.25474011164201,59.33211805703128,57.044911263778204
54.924407475693606,55.4270604595891,56.03339005456347,53.354735738568586,58.216586841235156,56.28379233631258,87.01995981908824,93.35225895094781,96.25502102918085,52.27202455332464,54.79301308177087
52.824925937596234,51.471074005588505,53.446276104894096,54.47964925233322,52.677434058797054,54.4798348001034,77.86877660228663,86.87233763448178,87.13172840594038,56.00204479337527,51.794698991650144
47.33630152032183,45.3087875924594,48.069891871205016,47.251967408276286,50.1448418280196,49.311325949071104,82.38568470159262,78.58799913651043,84.01882824391214,48.26009995507551,42.203058239251604
58.62157260737127,57.06803128097228,56.63046886310386,57.05318734280885,59.433825703545715,60.67024029840899,72.6614320480553,99.6227241189228,97.64459350271079,58.84541436939087,60.18101901075616
47.19823316256918,48.788324612082725,49.492630739758724,49.39257521336897,53.01060309974788,50.01451742184585,91.6099679861959,96.05503327287177,89.22042517540659,49.756161353847126,49.75596116847608
49.26206898267285,52.92001052862754,49.65018699024563,49.16098752433786,49.60246958658075,47.265821433096136,91.75359816882526,95.95852156206463,96.3460512988574,47.89792332964888,48.069825690372184
46.90119720005636,46.858598260060084,48.868460546147304,50.498013246813265,50.847598227135606,47.684508895206164,91.8036176356471,99.03138848420772,88.54261424768951,49.51015042314663,48.42901344378308
57.61188481100386,55.54032414287856,56.19073292936714,54.38151177753808,52.81648877652718,51.667983750332205,97.13371278795827,99.54999859133716,100.38631602158688,54.78548257226464,55.15146861244139
54.837541413554106,47.99116768524645,51.12201389710909,42.075904650935854,42.567555911827796,41.50849405469567,98.88130305815336,99.15366292688523,99.13397393630814,39.48682669606446,46.498536181885555
56.04379823976246,55.40615208732182,55.15676057245514,52.768391914779535,53.9126617386259,59.61295980194147,95.6998218211658,96.55635995303277,96.6190055922439,55.8473777235542,56.03509392530174
53.10704942897358,51.05897859439208,52.95220152043255,49.18274369001742,54.71792205401801,53.4800700466529,88.63842898682945,95.75652562671283,93.75384331551649,55.041906339824905,53.202820674326155
50.1605067154317,51.422480845202074,49.36592720105045,50.653450721788275,49.384568876988546,49.64012977921345,98.39205517057077,99.70389806936956,99.8303358825129,50.40579751298116,51.351162863589565
51.05815226858504,49.81962349649699,53.75373457650089,51.36762398544753,49.56742360982826,53.012057638966084,87.42430756357471,85.5395513547778,90.27427491527126,50.72976078163357,46.6840426746664
57.75784344619029,57.80112304300225,58.24015769192785,59.57053122174325,58.40000271364753,57.54915366189324,98.22531370831965,97.7996608634194,96.03309823294046,60.017923912410325,59.50633572389136
55.31734506235955,54.33524646014307,56.84806834059374,55.71795695594788,59.281721700613765,58.83174738227507,92.11848115388389,98.19479316165729,97.32963478901098,54.4517354544553,57.572746361497394
48.95140257445725,48.650555214628575,49.923354267324015,47.56559760248952,51.631936158137,48.9804250934014,89.71552487673902,95.50833825366561,95.38292149502519,49.83822374326698,48.21867719681934
47.132739502461064,48.303435204281506,49.186791255977305,49.13705374976891,53.06273982606203,49.85161561878151,92.50361022149215,95.85006028971807,88.99003688874441,49.88300503169185,49.57053422449102
52.08166804387797,54.56330809736906,52.919467076052186,53.23177202389466,51.5247309107748,51.53602000315416,99.15161266470047,99.3762241027213,100.17583483459978,53.36341056814206,54.38106720340866
52.69822694860213,51.71283158742564,53.95661944098169,49.997891842402,54.24540023411572,58.11935320471542,79.69848432790442,89.0595901244162,91.35070343716183,55.615087626071556,52.21964907172847
54.61945626324901,53.59787319825746,53.13763012744352,52.31658234383375,53.46087884084205,54.74771709353289,97.63052362611262,99.74404066436077,99.81082916065111,53.729969174035546,53.97617274885372
48.697158760479184,49.873436970831534,49.25232176000424,49.59607876183055,47.33222602477974,47.47540771983665,97.76415356072442,97.03106407920606,99.10676417361898,50.67623106624336,48.525890808192656
47.72576757840758,42.63303934628756,48.23705164419279,48.22438334306733,45.05072580152554,47.26332042856183,99.25903830616217,99.23834930259768,98.28878802069495,51.07651830299063,47.02412139739933
55.64353757086591,55.33457654138506,56.24626454606911,53.99436459598276,56.55578967831628,57.039235539748915,93.99299119860578,95.41937967782683,93.10321127706884,55.38674390980039,56.7350530049567
45.70111210638642,49.56792360441463,50.8071866419564,44.840350184324514,54.87793165825601,52.14584364820412,82.41510520978403,73.71684727880725,37.055569148523176,54.22109673603661,48.2509782455289
45.12391295042111,46.770391227813334,45.843021873375505,49.18250549565771,45.7001436254801,45.86174345456577,89.23393770361778,96.77772292294152,99.6469652780248,46.45278026808728,46.75225646126498
54.673945008871584,54.71816011096851,52.33305099560762,52.59379565556061,53.35154375126024,55.319275848368754,98.79684627780053,98.00790216925569,99.63615600612268,52.63193128820768,54.31627628095322
49.127126838538,49.854116317603605,53.4820511822357,52.536487423736276,60.70448612110183,55.233633583017735,84.33275603382961,94.12829505396441,87.15572937627321,53.3714330367026,49.67678278346246
59.15463129594688,57.245881991268234,57.285652248900966,53.881164908961075,56.11526211932791,56.75646336314356,96.22254381986927,99.35660842590465,98.65785400327235,56.73350894690418,57.562636439804336
55.37985948469503,52.74477308547689,53.91817890877233,51.75430372433566,53.81530501089031,55.72825365113307,96.44486182980299,98.54800757994603,99.61012817385989,54.129439619889766,54.919785783770095
54.41846188752768,58.37302172007093,57.79390887554706,52.333108994436685,53.27953270008736,54.84812691965677,97.82444826464803,97.09195382683797,97.11513578427375,55.09398954695488,57.371753406445976
54.82786439486896,50.864190265555536,53.49096895654157,53.950791431627195,53.56377681006041,57.08892775370094,97.10479052413056,98.02819227573993,99.77894344471456,54.825138598072364,54.658252212964015
50.57667286991848,44.6796741319221,42.68578979209351,40.27800585598749,47.321174698580975,42.48461712078419,64.82914866004258,72.67881560966563,93.40685959127123,44.53260042708054,41.5117222055693
49.03934531722835,51.40050812999812,53.58186866400816,47.431762788728726,52.273067041389254,51.63127661974948,91.59149427531283,89.65864433040812,84.18484816310458,51.233157580495195,50.115837980187464
45.85046213739625,42.632053632807754,39.97643404947137,42.08985441704422,44.264647971737844,42.11299412839243,70.36362355328419,75.61288247299055,96.37455833673107,43.127413116842604,41.855799789688206
48.255438759149314,48.98774504698375,49.46955659971945,49.53707557857922,52.60624267877165,52.71072612061148,76.28236426246697,76.66493397002968,85.84431338446029,50.56511195137994,46.98487009751175
53.80497441010014,54.21806707961824,52.94115355103759,50.7069491558906,51.98775015981923,53.798830745293785,91.32214394945342,95.76408895248386,99.88829071494656,56.69273000517279,54.694834180227936
50.391525828143926,51.77234992381238,51.88729605587378,51.679782705799944,50.09027884796221,53.81835111332505,97.62071724047604,99.3056458728621,98.50282034807744,53.33281684382048,52.91743176520094
51.86395481375826,50.94369681232483,52.099047200986575,54.215011582063696,52.96754915839031,54.01776188227391,83.32311327131742,84.36593080595745,87.10861088945066,52.85024035294502,51.006239286109995
43.37326843692388,43.17135213200737,46.011195871863954,41.13363260971947,42.5368295521861,43.32184359999759,99.49755522832585,99.74548753810842,100.24218579721853,40.86136625542746,43.711392383407755
46.08234661873928,44.45742562516508,40.8688182222442,46.62482087139839,43.656729859045505,44.114162765019096,71.71559222963536,81.6439611977507,98.05490479015228,43.472211798360355,40.40700776803037
53.55535525126639,56.920578875825505,50.75219761478492,57.81464995076442,54.52204292250053,52.73160168270812,96.22132824686737,94.68457944666106,96.25609511924065,52.19317630664994,54.06805862519177
61.978622266295055,63.419455363776514,61.31862403828759,61.26337642582764,61.48123956821187,62.48591578935479,88.64013847884405,96.64087816944172,91.23598903151863,61.12762036017279,62.76696244292513
48.61532858194249,48.48337638867261,51.37184872047614,50.71342780007166,49.61034953471703,52.32091910143107,74.3958772782824,84.93376393487125,88.73237470398094,49.80364518347122,46.54834229140683
52.85601076210597,47.37117309130825,50.694553332077255,51.83669356663352,49.97443788851046,51.052925957987206,99.54749977369197,99.55911343162049,100.3439767619555,50.38863642095855,52.02280752961105
54.426359664073836,55.47742026780085,56.801521231619226,53.256850110852554,51.45586350096903,57.61593392888983,98.35186472548585,97.63999582991696,96.25032752090513,56.93517728431442,56.13271649400616
50.62706616676494,52.72496431327374,51.625059821019796,55.30898570950794,56.320063537420545,57.898423143242766,81.82136472435893,87.94231525152152,92.30086074491547,55.199935079694995,53.27927032439803
47.89926342104651,48.546850430252775,53.67512423531719,48.54749062618034,46.73121282712671,57.61601392591361,88.11431243721754,85.19510683871152,84.10772493581213,54.80754875613051,45.82404887786582
55.41849438271242,57.29417597438335,57.28166852324971,57.39527141532662,59.126244091904965,59.69350340357025,86.96350775518357,96.92376243955718,93.87485175985219,56.50622110016757,58.721222767739455
52.85009724995443,59.20872187611069,54.90065400241554,50.10601808618499,53.85875738731921,54.70511394584233,88.2025349751985,94.7685791736448,87.15121354002886,55.183667584850895,54.52040198613396
52.41426434984534,52.3028003636661,54.86054613960485,50.06462717647804,52.06714495618643,52.231152102560415,97.0027880029069,98.72578974665417,97.58038762107981,55.98782949296792,52.73077216513856
51.022543625429975,50.15999559413736,51.907736291132224,52.20972265754854,58.116057653250024,55.64079610546883,76.98770799917381,94.9938757535817,90.69362388361928,54.70293694874923,50.84738120172595
51.21504175991506,53.889990316404806,54.797188469448955,55.68914587125113,53.97163195987185,56.24660009870561,93.9350021013436,98.61662203499216,96.37211853014392,52.22850099501708,54.57343200324278
57.430704342624985,59.90151418301959,60.60225828271969,58.114296018487444,59.76829624757896,59.00746243824147,81.04185627719714,87.94116431258992,99.07983371997219,57.35584955000704,59.32857221955345
41.3067117265332,41.837044372628306,43.25414645766149,44.80397600830102,42.74725535875877,44.3733999115545,90.74817238630307,85.44857397991063,98.88601460764801,41.557658027896316,41.99925053508261
51.85399091377918,52.0639453623695,51.96604203028311,51.18740847353016,52.732808054248515,52.16283836176974,95.76496516986496,98.01773109528143,99.13591538169715,53.00455664436122,49.83286703458994
55.98255377238243,52.31377837210226,59.00356892598814,54.878488653507404,57.11247815932304,57.89639272142559,83.90795348827535,83.42273981544628,95.82640125909056,54.21966935712253,56.07890694988336
47.91347813665817,50.4339550670984,52.89208562231802,45.58985026754567,53.72218866808552,54.13146268588471,82.23727500931291,74.13676692660988,78.73125034560084,53.76330685826617,49.428141322721864
54.54897055779665,52.75063695233305,51.31892062185677,51.32028202411698,48.77914360817563,49.36158746970915,93.91781660193739,97.09472343081424,99.37961873421256,51.761232741044076,52.469366754938136
47.03012575865845,50.51378122369398,48.705308288601174,48.161595183092594,46.44589548116396,47.538095742278045,94.22195155003516,94.88164298099395,95.2838737039906,49.369515016764964,47.10280441045772
49.781762819725735,52.597629812606925,57.094211726603675,51.11041227902824,54.91061494088693,54.67563096191515,97.52203255773597,95.05187701268355,99.63857243661985,59.11186718742994,53.838996595336766
56.850832226292795,50.00094066629637,53.25833646324707,53.45154217578201,50.47544902688837,56.52810052360546,87.28990684995881,80.34507504871036,94.5100378149391,53.38379139359798,53.03445116297202
44.198322948370496,45.01605946510684,46.742408641936585,44.56724580989485,51.18755288674134,50.671862368598454,71.73603317335049,77.48276782782796,82.67587288445358,47.50334342057038,43.49821374093354
59.39835893764935,53.288865774828906,56.79998029008976,51.24712285024481,52.283979320867445,54.640634157185744,70.7380093128598,89.41228864445186,36.69061642010529,55.85680129895721,47.12609422351393
46.98022989606421,47.122530542181735,49.24388274232223,50.542358975326465,51.13297784553224,48.11748745203413,91.43449718609928,99.13909704466299,88.99543414481022,49.22243569943993,48.604555860522055
55.55176194171398,57.365122069905894,55.50927524044946,55.106565361972585,54.54232576706519,56.403029429440956,78.15980404689724,94.63229203124514,83.57346158836641,56.01240909604236,53.733721133705416
50.78193310538349,49.56051353930479,53.78540426716319,50.26399529575684,52.88411826030507,54.13832712347689,75.96557544115379,88.56934644707954,87.31782103949998,51.82436047780608,47.95593132100784
57.90588037902665,58.52614025918164,56.485011601938865,56.33485323080348,54.91012139145282,58.875360481779424,97.77155277865545,96.87506142462617,98.06614085146899,56.15899827647084,56.376644148256275
46.797285669821534,47.05870642093006,46.56450670349252,45.99609773729576,48.19607011182782,43.96952757173797,96.75252660330598,96.05045710567995,99.04718432531655,47.164963719838184,48.32957790261764
58.77955400190472,55.16259557525832,59.45963043916906,54.68105423070051,59.136511021506706,60.7327217132116,97.13935971017122,98.80232303360125,99.87189383598177,57.676545149599946,58.499870656468616
58.57832973999295,55.557361790341695,59.106066323504066,53.38185456947343,58.540629606253226,58.192016616728566,96.15118543014663,99.12929892516402,99.99382646769477,57.478421401723566,57.85800729758703
48.27168126936982,49.31222709544103,49.987464158274854,48.59018735967074,50.11774743346494,48.86538991923389,92.64245124594494,98.76847604123043,95.29916790837365,49.262756951057405,47.38017192203456
50.67477143397927,53.86417426643929,55.418125049784,53.16450916440607,52.334396089892294,55.981666206322814,79.22556021065569,82.23213481949823,92.25024400087469,52.72313411920036,49.85437021502073
47.95245147265683,52.27738881039589,49.56801587936549,48.18276041575533,49.58786544532458,46.98012198486046,90.6785800547501,91.47662971716704,94.74381012952993,48.477605360448024,47.48744594881329
53.02543473353178,47.06391724820073,50.627875783537405,49.19394660996121,47.77122659106647,49.19922717974735,76.00902622483312,76.83174935462469,83.44371354546765,48.49615160944306,47.38306780834553
40.13022292808689,41.058048710471866,41.16568011348444,39.930308753456956,43.06130538387863,39.869417525639726,85.74516983159157,76.88171287205337,93.62551579654885,40.99386499755105,39.06791642436366
52.97737315427709,56.46998117439378,59.7000388052795,57.47277542644021,55.954430935938106,57.469897828734936,97.2798820373345,95.79421745507162,98.91765140709659,59.24157674442347,59.416536226081725
48.4304337681494,46.65294205808869,48.983078164396716,45.67519362508528,50.251096097138316,52.942005405668084,78.94818623704907,88.95493862627714,91.71259815227009,51.50518112899285,46.07995619466181
36.2751251385784,39.29273832262113,46.59041575189799,40.87019747164857,42.617195764600666,48.466686243652944,86.46061019194298,80.82712833972393,84.86118622197893,46.894386869218685,38.618645463691806
46.521025745143774,42.2690341658585,42.70961402890613,45.00448360200075,44.3323614063285,42.83365792720201,95.71325149837675,85.76662993159141,98.00041097398343,45.132621870787425,42.42270319089636
46.35058984540913,50.834143846640195,49.879710063410315,49.44938228770251,48.02937126243098,47.53531845575369,98.58053903065843,99.81234198528381,100.74846592145903,50.88450901841961,48.47155973612492
44.163278115460244,52.26218053384081,55.60910062845524,48.45830546908704,48.71837430717754,52.768975291701615,97.75306116357704,98.64770134446862,97.50092066940985,51.89793794088747,51.813922342115134
53.40794962937196,54.33699015484673,55.64800223816407,54.860019284062076,58.42346793343105,57.13393273935362,98.41601557237195,99.28574699549884,100.06139531941284,55.438750874273794,55.26926284096667
53.877200783290476,54.03481571891272,54.16596093645231,48.299312746791436,54.363995525687265,54.38207891190693,78.5874709864676,82.36748560737155,82.17701102705003,53.47446977957898,52.06590681594303
57.79193101987369,54.88386109543181,57.120761620129954,54.32200335372991,58.4126509035137,57.488517185609425,92.34164378823712,98.62963308664942,94.73940199565595,55.463150381774966,57.388104038393756
49.68290012236514,50.50051182669902,48.80102914723126,49.09841546550546,50.61098836895307,47.28267675501844,89.86831889382744,95.80457303515425,99.92608814667526,49.7715609387305,50.14341423043914
48.12924848174,49.954880151091444,52.937372106667915,50.048635899500624,52.25996131232485,51.708278801753636,98.8123223331629,97.76974940394891,98.28519451729716,52.231596251025806,54.274660370349494
52.40602414419837,59.91929538825832,59.15322866533228,57.59302953686095,56.717064024306524,57.97610569039325,88.3565539447302,96.17741092075322,93.98571434284138,56.57199085323983,60.04224111389572
55.3412929753664,54.47329129140445,52.96764183289852,51.44449861174544,56.5141023714503,56.094812697038726,94.677322534332,98.83045906439102,99.25185232604713,54.225824265500925,55.04676380825771
57.8272699983324,53.37042933688565,57.44940248296682,53.261145317782365,56.49379702484043,54.38001389965655,94.78878139877139,96.32247485271925,97.89680866300868,56.097272376291784,56.595454579513465
53.09826937957696,55.93023283033652,59.63618202926516,63.31735758376273,61.12968689707574,56.8088128590617,88.17916999271696,89.94155645938291,85.49624221655732,58.581318003132054,57.06957278170619
53.88221190948706,51.720532425203096,53.11210302178419,52.23963085825877,57.103855151928784,55.421411811904065,94.27317115374728,96.20462889926468,97.78604244072393,53.135587799276436,52.90080515604906
55.17488114597628,57.37952262546456,51.96602387218655,51.351070674366916,52.28957281788759,51.644704180327686,98.55153912951965,98.01967354546537,99.89419394107583,55.18654153729865,55.2885845562474
46.70198330828185,46.64052166290718,49.4829251888783,47.65058276568432,52.411211406918426,51.83629098203227,91.46414156855263,84.40745667138073,83.63377146247322,50.11928152400938,48.51687755048305
48.86832831866319,41.81584705265841,47.73850403486121,50.28901743747786,48.707081371160086,51.219240081605385,80.7912000395847,86.88365057039074,84.80450354208644,50.23560609881289,46.35873037730831
48.67899306601709,53.31077031695865,52.900968281621104,49.21749630373173,52.09690440208476,53.82533664202892,80.57660788901595,85.58907079810355,86.08934085634931,57.63835935808363,52.05481081055906
49.724413116272174,51.348199397984814,52.00565041214064,51.28310538298954,51.89177507108434,51.36763918359989,95.83346633958647,97.82710234621884,96.32197306639517,51.112197752456055,50.09726048985767
55.92134733528581,58.345242442997936,58.009313626351506,54.70376905017186,55.45967722078062,59.274231916626505,92.48516702785415,98.10752677180798,96.44066840414195,57.023181454743295,59.46026059087662
45.541266941695824,48.791623794663835,50.485938994443245,49.99818708244443,44.731029183056435,49.4982129469715,94.41646294123979,98.56468601170477,99.40829708140615,52.89662113575969,47.863014394161205
52.813497946550285,52.06097819199538,53.01331042608058,53.865427850212505,54.635394386499975,55.27071234067292,95.24583020388503,95.33099497993891,94.43938045164273,52.58121199659742,52.24557809159884
47.8677311530955,43.611918379097645,48.183212921023575,44.80089304419011,50.28781122528831,49.035293525985864,65.66140311513792,74.51353623083205,76.09301780274367,47.3124788910029,41.24219612589037
54.383495349414986,50.47843163353641,56.57249202370471,49.49269148454668,53.7182561422908,56.40310530247795,91.97905589604497,98.48212995923419,100.02685154872786,53.51515864604554,54.06768939302543
44.8966106800301,44.07689423508783,49.7923009948729,43.02528561172702,47.45607529681827,54.75283967122736,87.18990877864849,84.43009772625999,84.87334590377367,49.27680650097118,46.79048901631933
58.952908499021895,54.70796905907079,60.07900501384147,56.231132260424786,59.61395198563689,60.59593162254447,90.52452806198343,97.23097911693125,94.7099028721928,58.039347403069016,58.763502517261614
45.277091615714326,48.69185168654413,50.450801006471714,47.12063329761345,49.54699828179035,50.22501926623618,97.85656643588533,98.63244225714261,98.55165473752746,51.36753184993466,48.513976594070556
47.52421145746322,50.121407851850456,53.07095298759624,49.65693126459548,52.28138590201999,52.33168583174997,97.99154095359859,97.42453257656747,98.19005656325935,52.36284758434526,54.2544691545617
54.919552112391216,57.894148041196885,59.27778916753553,57.75217895497024,57.41785621571019,58.79336026317907,92.26961906243764,97.44473399495665,97.46342995804136,56.90672133815305,58.998362642823025
47.376105686049016,49.711261222982884,49.62785577908598,52.70671533633074,46.76062765338289,51.276186053830365,86.19731319807724,92.27767934152014,87.88660371000314,50.88693434458796,51.86463942577677
42.95199237995217,43.20861276519255,44.04317623218567,43.71912156019813,44.16609150704464,41.7995667815848,92.51163086217207,98.4807936448069,100.68900562816668,43.56053739795045,43.42824932707186
46.19187438236374,49.17807453332213,50.358248219033094,49.06391848817981,49.628078663768164,47.125835321080096,88.42621782569043,98.78141789493208,96.1193910960103,48.43390785546344,47.349010814915395
56.50588691667757,54.16175329259019,54.70486198889517,53.79754164538787,55.223348709971816,57.12757306753958,97.81980388737868,97.20329543005589,99.48455192657963,53.65119201823711,56.07879024209551
52.80628058684923,52.74299075071645,52.297470951707474,52.272666215830206,53.47815905939901,54.63467195928472,97.15199709140715,97.82365719983719,98.779452439661,53.96303726292738,54.547531624306195
52.54729187942902,51.32503361781501,52.009266135040896,49.05593699760345,51.99192430067785,54.83871137685681,97.99694534122946,99.74336578406809,100.90377833523482,52.01344690621416,52.53225499201977
45.17393753481939,44.52272386876105,46.64409494906766,48.18819313259587,44.320387173336385,44.1313451062876,94.65777858363097,98.70741287605044,100.64793212362805,45.112052536388795,46.97427441322402
56.352178408982795,57.80039719282795,59.57886225584089,57.83807808144306,56.907602483659055,58.5156203407299,88.35224777882527,97.8234923120081,91.1026920644696,59.28033211500165,56.89097276572875
53.55286830490302,49.3897888969507,53.38398400479539,51.24118098559758,50.48996370754949,53.64814921146238,83.7347791030306,94.34420729030629,91.15231412979168,55.56352403925085,51.76548089006836
56.4709437348613,55.546814964796674,55.21738199054073,53.01984238758726,54.55562223221497,56.346228716163466,95.65095794929326,97.67791387425454,96.19363933763682,54.29648098230614,53.143730116136865
47.45810710615275,45.791999102614284,45.73450402856139,49.06827702023093,44.815535700510736,43.69574679808167,85.51499976335592,94.66038074470833,100.41164567406142,44.59281294185559,45.85675853584049
47.38924123496179,47.88731365069746,50.97376351373537,46.71705441834261,53.80323209655846,52.570649575012105,75.99724911673906,77.90846878163978,85.32510075135991,51.20948984645795,48.29188795782885
48.13916886796848,48.86264742911013,50.163301536451726,49.61324836872117,48.62486606456809,51.8914386671898,81.67139155637219,88.15067120045994,92.67599844896696,52.829955438810984,47.72881162126125
63.16757732800498,67.65578817284393,63.34734594959254,69.01548622970176,65.51874102732714,62.61611403167702,98.04018454273083,98.29435986690818,97.21392615740771,61.232815348149224,67.50045256584943
48.20828535480672,46.966530967550895,49.8843301503007,52.50263621441188,53.531306261116384,49.39880779258169,93.00073970924684,98.57993253751408,95.4248437534024,51.376511646471215,50.501247479927
51.41137441762764,53.897978820596386,56.68052947640942,54.835768722509016,57.334779965499685,56.278671531231964,94.0252633357827,95.34698920164898,94.13702266857284,54.81396758066055,56.23603983873442
48.2116666174139,45.420338059524155,44.89649825073511,48.87750726620378,46.1734003191341,44.1868118436905,88.83087201078537,97.19020610071387,100.43261286462558,44.43273390212217,47.01611142393661
65.68305458142736,69.58250866574406,68.75714524541877,69.23696975358041,65.73480626512351,65.00422622271226,98.11809649286363,98.52985766522043,98.65632729914192,65.92743368434364,69.21739386844271
55.86121514290826,57.639346495453395,54.15732679763108,54.23503764902539,54.56029609171023,58.05448619302426,94.50497488371272,96.98084818413436,97.19696015640699,55.11825050792164,55.543360278261346
57.387247452426976,50.70535696699001,55.9167074905055,50.741923553082344,54.68634893691104,54.5445852313411,95.24940262440855,99.20741434191392,100.78903975368695,54.64333303216402,54.79080625751628
60.729178805094534,61.39951412100204,58.22840369889874,60.3011806067602,61.959931829462626,60.8297071702446,84.5170704803379,97.03329640954053,94.01778510310814,59.61648581515851,61.29074761565099
57.681754468334994,55.51978876457399,56.09503059692963,53.22734762242244,54.366046330354365,55.62085567536502,93.72676297530325,93.86326664413811,86.29221833966804,52.16322917501391,53.7170053557373
50.46562619564863,51.60057340374541,50.944542999874045,48.3438542511672,49.71356995222614,52.20999120968517,89.85455983535854,96.38372896307276,95.40012320788315,50.20167626308926,52.8275420101698
51.019793887650536,48.527332609272364,48.65651368626861,50.95811283351347,48.216513899069966,50.86174758828381,99.88356650152338,99.73852843540922,100.1838911584361,49.82292366933655,50.06208473672772
46.45919036533969,49.39859659388388,49.518857041660155,49.53991576748476,49.10694609337766,48.932283290557365,96.463671595155,96.25412832572623,99.28661553572368,49.683264410388034,47.7022739565018
44.934806459948014,45.7383344468587,49.20648107410743,49.2066199712517,47.76057310805338,49.46183284112726,84.96513903808722,83.71191850588949,89.70808712192091,50.930272576520295,47.28677865525612
53.53900472567089,52.64710916572347,53.35736368086603,51.61039227823969,53.873404458887336,52.00443795423992,96.71643477456291,97.28350426190934,97.03310884795748,54.14748308264262,53.2940688211813
49.52735607800827,46.56293655723401,48.16760833908519,45.9619210796577,51.61939644292555,51.2519334051309,91.17241703821696,95.81928084493887,93.32545049944505,52.31089759394764,46.73310138116557
45.87752023082852,47.686735342010266,45.08081873526059,42.829261536198175,48.036515338424714,45.10010773602043,81.16884611330704,92.1530579248453,98.85890069754639,46.98303956989213,45.37200326254691
53.950910989787545,50.49207659523292,53.241462554840076,52.566997349136074,54.47815029361967,56.909529357374126,76.27265678088975,75.63159019409296,87.26894658114132,52.9416042310881,53.938613918247235
51.022870692619364,52.23105078381589,51.10453656544317,52.79854517714736,49.824403458768614,48.720532152434686,97.29835682258737,97.74463666210288,99.01402690010104,51.65986149926135,49.971118874056884
54.722065949123746,50.5838038511518,52.65791800038536,51.8461134256802,48.27041046251885,51.74052511861572,80.05187486831763,77.38871176301868,83.26220202304518,50.97395441284796,50.70561657689868
54.61538456511937,55.75009055615815,54.25740190793727,54.82921196755265,52.38595485812605,52.984749052833386,89.17893129515136,97.18641205354882,93.26579332953844,52.98911137999539,55.04820452752364
59.275829212786505,62.405732834614035,61.724220403895345,59.71717201876835,61.708528938478956,63.55030153967026,90.7478168934507,96.88961090758475,94.80246349782233,61.423364704248684,63.08174537368947
55.75293639668917,58.03858900888268,57.64149446454266,55.34439483540435,56.83188397108455,56.693532335567554,85.14278932884093,86.7690718532325,96.8516143343597,55.25892465303074,55.90664220174058
54.61733654788629,54.32403743470494,54.39093750911024,52.43130645627295,54.754565973403544,55.717971928698674,92.17073620114402,94.94107141695534,97.91114580274788,54.146070830426254,56.09813874640804
65.48393129129303,70.42027045384604,69.92179560408707,71.73133331896936,66.86077825723116,64.10516668003017,98.91564986324758,97.98925457547358,99.75803803969417,65.1824885580178,72.04078383657028
55.38983504305193,57.56862210848881,56.65898518365793,52.928087086438566,56.54450255540654,57.84134282478514,96.91290661736886,97.52947290271669,97.99399553702656,56.22655906565319,55.56802593923381
49.8773522704395,49.31276108999595,46.32089363868182,47.64867236273449,43.98441799320139,47.72365586366975,79.1801727509798,98.69598307621267,100.71352670909793,48.8945304353618,47.929141807681624
45.88132967962121,47.56480917940565,46.444150886911466,43.822668061770194,53.11684097184032,46.925548529718085,88.39823480481414,86.0720185054745,87.43717307167596,50.788854291530015,45.0767552064392
48.29455454510272,52.66639018720772,55.637307793254536,50.372182793846164,53.474793385813726,54.02657850877039,97.83173274587489,95.29211370286032,99.29408669669209,56.40399372937441,51.738848842598344
56.02273299917015,54.06709153935359,54.756758657709646,49.78367376770824,54.181727955546286,53.211370551678534,90.92331653918652,95.94571966446205,94.73746430899239,54.58804296689337,53.96666556197662
54.47866295501163,52.194191633721225,57.32897127177415,51.109878528934004,53.49101062485971,56.188075862249924,95.34102464932867,98.79276985696832,100.67800473749566,54.87702133322988,56.10772041503358
60.424528879737444,56.8126573395014,57.62719899606139,56.73204174696659,57.45533833465251,56.43951331167713,98.47734242287754,98.51328171118713,97.62831581692163,59.03655841219834,60.38597034897523
52.502001120896026,52.84639422982754,54.24916214375933,49.71827327677881,56.0225672824715,54.228990496655506,92.57318004747495,97.91838633116419,98.45888754765103,54.17108267165624,54.419788508976175
47.28004484644997,47.22830208290701,52.72027770989642,48.63566770027952,51.86144362619723,53.07460682168423,75.30828683863575,82.07913948602413,91.82033324672992,50.46520219048102,46.7309089838973
45.50293500462851,46.41052835448672,45.53828493829489,41.80608583194016,40.541149296601496,40.42773545218389,96.98737622679694,98.52502466652665,97.60346908645033,62.70475084810594,50.124840403335156
46.179554587198666,44.67729373254788,45.65143825595949,50.911373542954564,44.815546050567136,44.69226037858839,90.06969776265534,99.64605255957902,100.42259057110351,44.06629366943714,48.52252126439433
48.11871454441844,48.26886424818385,50.28094201641004,46.03378468138175,50.202329839300745,51.69675701790862,92.87297987356853,91.30519578415003,97.41440217207511,48.64533611688479,48.111519672840515
54.70571753009815,54.204752521453656,55.39177671899913,52.41598769984988,54.42759851957066,55.66153391092149,95.20067322766945,96.93686718139972,98.70464623514316,56.883774701443386,53.90392534726243
48.4544623240607,45.19140289800907,48.30003873568782,47.700932986310846,49.28937082288256,49.55932080792121,79.55027695397472,85.54976690120412,85.13806501708633,48.84965121135748,44.61325907760478
55.56588214868756,51.14733078231638,54.10862654869875,57.60959354780789,55.05785659502319,48.43621770969955,75.58868340141782,87.02355168909124,98.36501438263421,51.815729422426315,49.346449229172165
42.01294188292954,44.0190393616039,52.48539019280178,45.296523054218234,44.62963861856497,48.7670443219105,89.48041607568041,84.87634345732748,90.1960048888775,49.40312324912999,47.8668068888313
44.792037297778236,47.63618216611295,48.96537566343787,49.127927974783745,49.806490301274614,48.628352179766395,89.35094791005312,97.34882514035795,87.58486870289522,50.10842312930026,48.39690101075142
56.234023300387996,52.93677813003982,54.37723163656373,56.4313050401974,52.44916102679521,53.65472357983397,93.89187721011318,97.60447791966054,96.60945542488955,57.5218583732392,55.36023300341202
49.199494929907985,49.96169300461897,50.770474167816374,48.39337888173857,50.26699102487105,50.548861185245485,96.77189988906326,97.7849760515889,99.72565463125736,51.73382342649603,49.24773151780762
54.03645427375646,54.4135253373871,54.16067661775479,52.9483198945715,56.10887982001752,52.81659039206579,92.45450129035262,97.16238417579655,93.720280020248,54.40943270561235,56.34742167233447
